{"version":1,"addons":{"gmp-widevinecdm":{"id":"gmp-widevinecdm","enabled":true,"installed":true,"modified":1683922695033,"type":"plugin","scope":4,"foreignInstall":false},"formautofill@mozilla.org":{"id":"formautofill@mozilla.org","guid":"{eb2f943d-ecc1-4330-b6d7-99fddbe1242e}","enabled":true,"installed":true,"modified":1683922686606,"type":"extension","scope":1,"foreignInstall":false,"isSyncable":false},"pictureinpicture@mozilla.org":{"id":"pictureinpicture@mozilla.org","guid":"{1c138fbb-bc79-4f6c-8523-fb231b3c2981}","enabled":true,"installed":true,"modified":1683922686606,"type":"extension","scope":1,"foreignInstall":false,"isSyncable":false},"screenshots@mozilla.org":{"id":"screenshots@mozilla.org","guid":"{281a2661-2be2-4ef3-a019-811bdf1c19d3}","enabled":true,"installed":true,"modified":1683922686606,"type":"extension","scope":1,"foreignInstall":false,"isSyncable":false},"webcompat-reporter@mozilla.org":{"id":"webcompat-reporter@mozilla.org","guid":"{539abf8f-fd83-4df1-bb89-35743c60e4e4}","enabled":false,"installed":true,"modified":1683922686606,"type":"extension","scope":1,"foreignInstall":false,"isSyncable":false},"webcompat@mozilla.org":{"id":"webcompat@mozilla.org","guid":"{208ccb3c-d9d4-4d84-8574-79dc5ebac612}","enabled":true,"installed":true,"modified":1683922686607,"type":"extension","scope":1,"foreignInstall":false,"isSyncable":false},"default-theme@mozilla.org":{"id":"default-theme@mozilla.org","guid":"{9d9e4195-ed9c-4dde-80bd-99246bd54d97}","enabled":true,"installed":true,"modified":1683922686607,"type":"theme","scope":4,"foreignInstall":false,"isSyncable":false},"addons-search-detection@mozilla.com":{"id":"addons-search-detection@mozilla.com","guid":"{89b2edbf-a1ac-4e77-8390-911623246a0b}","enabled":true,"installed":true,"modified":1683922686607,"type":"extension","scope":4,"foreignInstall":false,"isSyncable":false},"google@search.mozilla.org":{"id":"google@search.mozilla.org","guid":"{38c8c78b-d5e3-4a63-a53c-b68e353b9b1a}","enabled":true,"installed":true,"modified":1683922686607,"type":"extension","scope":4,"foreignInstall":false,"isSyncable":false},"firefox-compact-light@mozilla.org":{"id":"firefox-compact-light@mozilla.org","guid":"{f6928f91-aa50-42ff-9d2b-c4b69d5823a6}","enabled":false,"installed":true,"modified":1683922686607,"type":"theme","scope":4,"foreignInstall":false,"isSyncable":false},"firefox-compact-dark@mozilla.org":{"id":"firefox-compact-dark@mozilla.org","guid":"{2b5b9c21-c842-4f41-a879-c2d31d09b612}","enabled":false,"installed":true,"modified":1683922686607,"type":"theme","scope":4,"foreignInstall":false,"isSyncable":false},"firefox-alpenglow@mozilla.org":{"id":"firefox-alpenglow@mozilla.org","guid":"{9a4d638b-e1d7-49cc-93fc-f5d90cc1f18c}","enabled":false,"installed":true,"modified":1683922686607,"type":"theme","scope":4,"foreignInstall":false,"isSyncable":false},"amazondotcom@search.mozilla.org":{"id":"amazondotcom@search.mozilla.org","guid":"{70c7fdbe-fe40-44e5-bb0a-e783e0959533}","enabled":true,"installed":true,"modified":1683922686607,"type":"extension","scope":4,"foreignInstall":false,"isSyncable":false},"wikipedia@search.mozilla.org":{"id":"wikipedia@search.mozilla.org","guid":"{b86ec6f5-4b17-4d4d-8041-3c76f62a00dd}","enabled":true,"installed":true,"modified":1683922686607,"type":"extension","scope":4,"foreignInstall":false,"isSyncable":false},"bing@search.mozilla.org":{"id":"bing@search.mozilla.org","guid":"{93511a03-d883-49b4-bcc2-e02854494967}","enabled":true,"installed":true,"modified":1683922686607,"type":"extension","scope":4,"foreignInstall":false,"isSyncable":false},"ddg@search.mozilla.org":{"id":"ddg@search.mozilla.org","guid":"{75367493-616b-4f7f-8b72-82202b0fc9a7}","enabled":true,"installed":true,"modified":1683922686607,"type":"extension","scope":4,"foreignInstall":false,"isSyncable":false},"gmp-gmpopenh264":{"id":"gmp-gmpopenh264","enabled":true,"installed":true,"modified":1683922686608,"type":"plugin","scope":4,"foreignInstall":false},"{ce9f4b1f-24b8-4e9a-9051-b9e472b1b2f2}":{"id":"{ce9f4b1f-24b8-4e9a-9051-b9e472b1b2f2}","guid":"{3a1728b2-505d-47fe-be8b-6aa378caeb86}","enabled":true,"installed":true,"modified":1683922688124,"type":"extension","scope":1,"foreignInstall":false,"isSyncable":true},"uBlock0@raymondhill.net":{"id":"uBlock0@raymondhill.net","guid":"{3ba4f8a5-467a-44ff-bd7d-2d3eccd4c39f}","enabled":true,"installed":true,"modified":1683922688985,"type":"extension","scope":1,"foreignInstall":false,"isSyncable":true},"@testpilot-containers":{"id":"@testpilot-containers","guid":"{5a7c26a4-5719-4bca-979e-ba62021492ec}","enabled":true,"installed":true,"modified":1683922690008,"type":"extension","scope":1,"foreignInstall":false,"isSyncable":true},"notes@mozilla.com":{"id":"notes@mozilla.com","guid":"{6713fd38-20b7-41d2-b528-a606980c5b02}","enabled":true,"installed":true,"modified":1683922690980,"type":"extension","scope":1,"foreignInstall":false,"isSyncable":true},"@windscribeff":{"id":"@windscribeff","guid":"{7dbd4977-8049-4e12-9b9d-01dc8011f6ec}","enabled":true,"installed":true,"modified":1683922692619,"type":"extension","scope":1,"foreignInstall":false,"isSyncable":true},"browser@tunnelbear.com":{"id":"browser@tunnelbear.com","guid":"{81d08615-ddc7-4484-97fe-528d6871224b}","enabled":true,"installed":true,"modified":1683922693851,"type":"extension","scope":1,"foreignInstall":false,"isSyncable":true},"{2939349f-b516-4674-afa4-4dc8311a75ef}":{"id":"{2939349f-b516-4674-afa4-4dc8311a75ef}","guid":"{96dc2c2b-507a-4698-9171-b8da4d099c02}","enabled":false,"installed":true,"modified":1683922694580,"type":"extension","scope":1,"foreignInstall":false,"isSyncable":true},"linkgopher@oooninja.com":{"id":"linkgopher@oooninja.com","guid":"{c0713d58-7cd0-461c-941c-b2e00ca4f1b9}","enabled":true,"installed":true,"modified":1683922695301,"type":"extension","scope":1,"foreignInstall":false,"isSyncable":true},"{6c4f729b-857f-4c2b-81a6-572377f49e27}":{"id":"{6c4f729b-857f-4c2b-81a6-572377f49e27}","guid":"{eac87379-a5b3-4762-b89d-703b353417f6}","enabled":true,"installed":true,"modified":1683922696514,"type":"extension","scope":1,"foreignInstall":false,"isSyncable":true},"foxyproxy@eric.h.jung":{"id":"foxyproxy@eric.h.jung","guid":"{efaa9282-4dbf-4ed3-b2b6-497345923321}","enabled":true,"installed":true,"modified":1683922697841,"type":"extension","scope":1,"foreignInstall":false,"isSyncable":true}},"changes":[[1683922684401,1,"gmp-widevinecdm"],[1683922686606,1,"formautofill@mozilla.org"],[1683922686606,1,"pictureinpicture@mozilla.org"],[1683922686606,1,"screenshots@mozilla.org"],[1683922686606,1,"webcompat-reporter@mozilla.org"],[1683922686607,1,"webcompat@mozilla.org"],[1683922686607,1,"default-theme@mozilla.org"],[1683922686607,1,"addons-search-detection@mozilla.com"],[1683922686607,1,"google@search.mozilla.org"],[1683922686607,1,"firefox-compact-light@mozilla.org"],[1683922686607,1,"firefox-compact-dark@mozilla.org"],[1683922686607,1,"firefox-alpenglow@mozilla.org"],[1683922686607,1,"amazondotcom@search.mozilla.org"],[1683922686607,1,"wikipedia@search.mozilla.org"],[1683922686607,1,"bing@search.mozilla.org"],[1683922686607,1,"ddg@search.mozilla.org"],[1683922686608,1,"gmp-gmpopenh264"],[1683922688124,1,"{ce9f4b1f-24b8-4e9a-9051-b9e472b1b2f2}"],[1683922688985,1,"uBlock0@raymondhill.net"],[1683922690008,1,"@testpilot-containers"],[1683922690980,1,"notes@mozilla.com"],[1683922692619,1,"@windscribeff"],[1683922693851,1,"browser@tunnelbear.com"],[1683922694580,1,"{2939349f-b516-4674-afa4-4dc8311a75ef}"],[1683922695023,2,"gmp-widevinecdm"],[1683922695301,1,"linkgopher@oooninja.com"],[1683922696514,1,"{6c4f729b-857f-4c2b-81a6-572377f49e27}"],[1683922697841,1,"foxyproxy@eric.h.jung"]]}