{"schema":6,"addons":[{"id":"{ce9f4b1f-24b8-4e9a-9051-b9e472b1b2f2}","icons":{"32":"https://addons.mozilla.org/user-media/addon_icons/857/857086-32.png?modified=8850b178","64":"https://addons.mozilla.org/user-media/addon_icons/857/857086-64.png?modified=8850b178","128":"https://addons.mozilla.org/user-media/addon_icons/857/857086-128.png?modified=8850b178"},"name":"Clear Browsing Data","version":"4.0.0","sourceURI":"https://addons.mozilla.org/firefox/downloads/file/4079146/clear_browsing_data-4.0.0.xpi","homepageURL":"https://github.com/dessant/clear-browsing-data#readme","supportURL":"https://github.com/dessant/clear-browsing-data/issues","description":"Delete browsing data directly from the browser toolbar. Clear cookies, history and cache with a single click.","fullDescription":"Clear Browsing Data is a Firefox extension which enables you to delete browsing data, such as cookies, history and cache, directly from the browser toolbar. The toolbar button can be configured to clear all browsing data with a single click, or to show a list of data types available for clearing.\n\nThe continued development of Clear Browsing Data is made possible thanks to the support of awesome backers. If you'd like to join them, please consider contributing with Patreon, PayPal or Bitcoin.\n\nThe extension also supports closing and reloading tabs, these features can be configured from the extension's options.\n\nSupported data types:\n\n    Cookies\n    Browsing history\n    Cached images and files\n    Autofill form data\n    Download history\n    Service Workers\n    Plugin data\n    Saved passwords\n    IndexedDB data\n    Local storage data\n\n\nClearable data types and their order can be customized from the extension's options.\n\nRelevant Firefox bugs:\n\n    Data saved with the Cache API is not cleared (1526246)\n    The HTTP authentication cache is not cleared (1535606)\n    Clearing downloads only removes them from the current session, downloads from previous sessions can be removed by clearing the history (1380445)\n    The cache and local storage are cleared entirely regardless of the requested time interval\n    Clearing the history also removes downloads and service workers\n\n\nThe extension is also available for Chrome and Edge.\n\nReviews are not monitored for bug reports, please use GitHub for issues and feature requests.\nhttps://github.com/dessant/clear-browsing-data","weeklyDownloads":1213,"type":"extension","creator":{"name":"Armin Sebastian","url":"https://addons.mozilla.org/en-US/firefox/user/12929064/"},"developers":[],"screenshots":[{"url":"https://addons.mozilla.org/user-media/previews/full/230/230092.png?modified=1677906414","width":1280,"height":800,"thumbnailURL":"https://addons.mozilla.org/user-media/previews/thumbs/230/230092.jpg?modified=1677906414","thumbnailWidth":533,"thumbnailHeight":333},{"url":"https://addons.mozilla.org/user-media/previews/full/230/230093.png?modified=1677906414","width":1280,"height":800,"thumbnailURL":"https://addons.mozilla.org/user-media/previews/thumbs/230/230093.jpg?modified=1677906414","thumbnailWidth":533,"thumbnailHeight":333}],"contributionURL":"https://www.paypal.com/donate?hosted_button_id=GLL4UNSNU6SQN&utm_content=product-page-contribute&utm_medium=referral&utm_source=addons.mozilla.org","averageRating":4.3907,"reviewCount":62,"reviewURL":"https://addons.mozilla.org/en-US/firefox/addon/clear-browsing-data/reviews/","updateDate":1678395885000},{"id":"uBlock0@raymondhill.net","icons":{"32":"https://addons.mozilla.org/user-media/addon_icons/607/607454-32.png?modified=mcrushed","64":"https://addons.mozilla.org/user-media/addon_icons/607/607454-64.png?modified=mcrushed","128":"https://addons.mozilla.org/user-media/addon_icons/607/607454-128.png?modified=mcrushed"},"name":"uBlock Origin","version":"1.49.2","sourceURI":"https://addons.mozilla.org/firefox/downloads/file/4103048/ublock_origin-1.49.2.xpi","homepageURL":"https://github.com/gorhill/uBlock#ublock-origin","supportURL":"https://old.reddit.com/r/uBlockOrigin/","description":"Finally, an efficient wide-spectrum content blocker. Easy on CPU and memory.","fullDescription":"uBlock Origin is not an \"ad blocker\", it's a wide-spectrum content blocker with CPU and memory efficiency as a primary feature.\n\n***\n\nOut of the box, uBO blocks ads, trackers, coin miners, popups, etc. through the following lists of filters, enabled by default:\n\n- EasyList (ads)\n- EasyPrivacy (tracking)\n- Peter Lowe’s Ad server list (ads and tracking)\n- Online Malicious URL Blocklist\n- uBO's own lists\n\nMore lists are available for you to select if you wish:\n\n- EasyList Cookie\n- Fanboy Annoyances\n- AdGuard Annoyances\n- Dan Pollock’s hosts file\n- And many others\n\nAdditionally, you can point-and-click to block JavaScript locally or globally, create your own global or local rules to override entries from filter lists, and many more advanced features.\n\n***\n\nFree.\nOpen source with public license (GPLv3)\nFor users by users.\n\nIf ever you really do want to contribute something, think about the people working hard to maintain the filter lists you are using, which were made available to use by all for free.\n\n***\n\n    Documentation\n    Release notes\n    Community support @ Reddit\n    Contributors @ GitHub\n    Contributors @ Crowdin","weeklyDownloads":135332,"type":"extension","creator":{"name":"Raymond Hill","url":"https://addons.mozilla.org/en-US/firefox/user/11423598/"},"developers":[],"screenshots":[{"url":"https://addons.mozilla.org/user-media/previews/full/238/238546.png?modified=1622132421","width":1011,"height":758,"thumbnailURL":"https://addons.mozilla.org/user-media/previews/thumbs/238/238546.jpg?modified=1622132421","thumbnailWidth":533,"thumbnailHeight":400,"caption":"The popup panel: default mode"},{"url":"https://addons.mozilla.org/user-media/previews/full/238/238548.png?modified=1622132423","width":1011,"height":758,"thumbnailURL":"https://addons.mozilla.org/user-media/previews/thumbs/238/238548.jpg?modified=1622132423","thumbnailWidth":533,"thumbnailHeight":400,"caption":"The dashboard: stock filter lists"},{"url":"https://addons.mozilla.org/user-media/previews/full/238/238547.png?modified=1622132425","width":1011,"height":758,"thumbnailURL":"https://addons.mozilla.org/user-media/previews/thumbs/238/238547.jpg?modified=1622132425","thumbnailWidth":533,"thumbnailHeight":400,"caption":"The popup panel: default-deny mode"},{"url":"https://addons.mozilla.org/user-media/previews/full/238/238549.png?modified=1622132426","width":1011,"height":758,"thumbnailURL":"https://addons.mozilla.org/user-media/previews/thumbs/238/238549.jpg?modified=1622132426","thumbnailWidth":533,"thumbnailHeight":400,"caption":"The dashboard: settings"},{"url":"https://addons.mozilla.org/user-media/previews/full/238/238552.png?modified=1622132430","width":970,"height":1800,"thumbnailURL":"https://addons.mozilla.org/user-media/previews/thumbs/238/238552.jpg?modified=1622132430","thumbnailWidth":216,"thumbnailHeight":400,"caption":"The popup panel in Firefox Preview: default mode with more blocking options revealed"},{"url":"https://addons.mozilla.org/user-media/previews/full/230/230370.png?modified=1622132432","width":800,"height":600,"thumbnailURL":"https://addons.mozilla.org/user-media/previews/thumbs/230/230370.jpg?modified=1622132432","thumbnailWidth":533,"thumbnailHeight":400,"caption":"The unified logger tells you all that uBO is seeing and doing"}],"contributionURL":"","averageRating":4.7807,"reviewCount":3994,"reviewURL":"https://addons.mozilla.org/en-US/firefox/addon/ublock-origin/reviews/","updateDate":1683666331000},{"id":"@testpilot-containers","icons":{"32":"https://addons.mozilla.org/user-media/addon_icons/782/782160-32.png?modified=mcrushed","64":"https://addons.mozilla.org/user-media/addon_icons/782/782160-64.png?modified=mcrushed","128":"https://addons.mozilla.org/user-media/addon_icons/782/782160-128.png?modified=mcrushed"},"name":"Firefox Multi-Account Containers","version":"8.1.2","sourceURI":"https://addons.mozilla.org/firefox/downloads/file/4058426/multi_account_containers-8.1.2.xpi","homepageURL":"https://github.com/mozilla/multi-account-containers/#readme","supportURL":"https://github.com/mozilla/multi-account-containers/issues","description":"Firefox Multi-Account Containers lets you keep parts of your online life separated into color-coded tabs. Cookies are separated by container, allowing you to use the web with multiple accounts and integrate Mozilla VPN for an extra layer of privacy.","fullDescription":"About This Extension\n\nThe Firefox Multi-Account Containers extension lets you carve out a separate box for each of your online lives – no more opening a different browser just to check your work email!\n\nUnder the hood, it separates website storage into tab-specific Containers. Cookies downloaded by one Container are not available to other Containers. You can even integrate individual Containers with Mozilla VPN to protect your browsing and location. With the Firefox Multi-Account Containers extension, you can...\n\n    Sign in to two different accounts on the same site (for example, you could sign in to work email and home email in two different Container tabs.\n    Keep different kinds of browsing far away from each other (for example, you might use one Container tab for managing your Checking Account and a different Container tab for searching for new songs by your favorite band)\n    Avoid leaving social-network footprints all over the web (for example, you could use a Container tab for signing in to a social network, and use a different tab for visiting online news sites, keeping your social identity separate from tracking scripts on news sites)\n    Protect your browsing activity in individual Containers using Mozilla VPN, so you can shop while travelling abroad but check your bank account from a server in your home country.\n\n\nAfter installing the Firefox Multi-Account Containers extension, click the Containers icon to edit your Containers. Change their colors, names, and icons. Long-click the new tab button to open a new Container tab.\n\nFor more information on how to use Multi-Account Containers, visit our help articles:\n\n\nAll about Multi Account Containers\nMulti Container user - how to use Mozilla VPN\nVPN subscriber - how to use Multi Account Containers","weeklyDownloads":9477,"type":"extension","creator":{"name":"Mozilla Firefox","url":"https://addons.mozilla.org/en-US/firefox/user/4757633/"},"developers":[],"screenshots":[{"url":"https://addons.mozilla.org/user-media/previews/full/266/266157.png?modified=1643906676","width":1440,"height":816,"thumbnailURL":"https://addons.mozilla.org/user-media/previews/thumbs/266/266157.jpg?modified=1643906676","thumbnailWidth":533,"thumbnailHeight":302},{"url":"https://addons.mozilla.org/user-media/previews/full/266/266158.png?modified=1643906676","width":1440,"height":816,"thumbnailURL":"https://addons.mozilla.org/user-media/previews/thumbs/266/266158.jpg?modified=1643906676","thumbnailWidth":533,"thumbnailHeight":302},{"url":"https://addons.mozilla.org/user-media/previews/full/266/266160.png?modified=1643906676","width":1440,"height":816,"thumbnailURL":"https://addons.mozilla.org/user-media/previews/thumbs/266/266160.jpg?modified=1643906676","thumbnailWidth":533,"thumbnailHeight":302},{"url":"https://addons.mozilla.org/user-media/previews/full/266/266159.png?modified=1643906676","width":1440,"height":816,"thumbnailURL":"https://addons.mozilla.org/user-media/previews/thumbs/266/266159.jpg?modified=1643906676","thumbnailWidth":533,"thumbnailHeight":302}],"contributionURL":"","averageRating":4.6189,"reviewCount":3069,"reviewURL":"https://addons.mozilla.org/en-US/firefox/addon/multi-account-containers/reviews/","updateDate":1674464467000},{"id":"notes@mozilla.com","icons":{"32":"https://addons.mozilla.org/user-media/addon_icons/815/815218-32.png?modified=28d21503","64":"https://addons.mozilla.org/user-media/addon_icons/815/815218-64.png?modified=28d21503","128":"https://addons.mozilla.org/user-media/addon_icons/815/815218-128.png?modified=28d21503"},"name":"Notes by Firefox","version":"4.3.7","sourceURI":"https://addons.mozilla.org/firefox/downloads/file/3645042/notes_by_firefox-4.3.7.xpi","homepageURL":"https://github.com/mozilla/notes","supportURL":"https://github.com/mozilla/notes","description":"Displays a sidebar that lets you take notes on web pages.","fullDescription":"Notes by Firefox is a simple, secure notepad extension for Firefox.","weeklyDownloads":404,"type":"extension","creator":{"name":"Mozilla Firefox","url":"https://addons.mozilla.org/en-US/firefox/user/4757633/"},"developers":[],"screenshots":[{"url":"https://addons.mozilla.org/user-media/previews/full/213/213729.png?modified=1622132708","width":1340,"height":720,"thumbnailURL":"https://addons.mozilla.org/user-media/previews/thumbs/213/213729.jpg?modified=1622132708","thumbnailWidth":533,"thumbnailHeight":286,"caption":"Notes keeps you connected in Firefox and on Android."},{"url":"https://addons.mozilla.org/user-media/previews/full/213/213730.png?modified=1622132712","width":1340,"height":720,"thumbnailURL":"https://addons.mozilla.org/user-media/previews/thumbs/213/213730.jpg?modified=1622132712","thumbnailWidth":533,"thumbnailHeight":286,"caption":"Use your Firefox Account to sign in and securely sync your notes."}],"contributionURL":"","averageRating":4.0073,"reviewCount":256,"reviewURL":"https://addons.mozilla.org/en-US/firefox/addon/notes-by-firefox/reviews/","updateDate":1600441050000},{"id":"@windscribeff","icons":{"32":"https://addons.mozilla.org/user-media/addon_icons/697/697223-32.png?modified=205f55e8","64":"https://addons.mozilla.org/user-media/addon_icons/697/697223-64.png?modified=205f55e8","128":"https://addons.mozilla.org/user-media/addon_icons/697/697223-128.png?modified=205f55e8"},"name":"Windscribe - Free VPN and Ad Blocker","version":"3.4.8","sourceURI":"https://addons.mozilla.org/firefox/downloads/file/4046960/windscribe-3.4.8.xpi","homepageURL":"https://windscribe.com","supportURL":"https://windscribe.com/support","description":"Windscribe helps you circumvent censorship, block ads, beacons and trackers on websites you use every day.","fullDescription":"Windscribe is a VPN desktop application and proxy browser extension that work together to block ads, trackers, restore access to blocked content and help you safeguard your privacy online. Free plan provides 10 GB of data per month (if you confirm your email address), and the Pro plan has unlimited data and access to servers in over 112 cities in 69 countries.\n\nStill not convinced? Perhaps this elegant list of features will convince you otherwise.\n\nStop tracking and browse privately\nGovernments block content based on your location. Corporations track and sell your personal data. Add Windscribe to your browser and take back control of your privacy.\n\nAdvanced Privacy Features\nWindscribe is not just a proxy extension. It's a suite of privacy tools which include:\n\nAd + Tracker Blocking - Ads and trackers follow you around, waste your bandwidth and compromise your privacy. Windscribe will block all this crap.\nMalware Blocking - Some sites distribute malware. We'll prevent you from ever ending up on those sites.\nSocial Blocking - Social networks are the biggest privacy invaders out there. Block their trackers.\nWhitelisting - Our block lists are not one size fits all. Customize your experience.\nLocation API Spoofing - Sites can request your GPS location why bypasses most proxies and VPNs. Not with Windscribe.\nWebRTC Blocking - Prevents WebRTC leaks that plague most proxy extensions and VPNs.\nTimezone Spoofing - Sites can detect that your IP doesn't match your browser's time zone. This feature solves this problem.\nNotification Blocking - Tired for sites asking you to send notifications? We are too. Enable this feature to never see those things again.\nUser Agent Spoofing - Helps combat browser fingerprinting\nCookie Monitoring - Leave nothing behind. This feature deletes 1st or 3rd party cookies when you close the tab.\nLanguage Spoofing - This feature will spoof your browser's language settings to match the proxy location of your choice.\n\nUnlock geo-restricted content\nWindscribe VPN masks your IP address. This gives you unrestricted and private access to entertainment, news sites, and blocked content in over 63 different countries.\n\nNo identifying logs\nYour privacy is a right. We don’t track you. We don't sell your data to marketers, or even share it with anyone. We don’t keep logs that can deanonymize you.\n\nGo beyond basic VPN protection\nFor comprehensive privacy protection even outside of the browser, use our desktop VPN applications (they’re also free). Available for Windows, Mac and Linux. Did we mention mobile? Yeah, there's mobile apps too.\n\n--------------\n\nHaving issues with Windscribe VPN or want to suggest something? Send us a support ticket: https://windscribe.com/support/ticket\n\nAttributions: Ad-blocking functionality based upon uBlock Origin.\nSource code: https://github.com/Windscribe/browser-extension","weeklyDownloads":6275,"type":"extension","creator":{"name":"Windscribe","url":"https://addons.mozilla.org/en-US/firefox/user/12066031/"},"developers":[],"screenshots":[{"url":"https://addons.mozilla.org/user-media/previews/full/267/267630.png?modified=1647977329","width":1280,"height":800,"thumbnailURL":"https://addons.mozilla.org/user-media/previews/thumbs/267/267630.jpg?modified=1647977329","thumbnailWidth":533,"thumbnailHeight":333},{"url":"https://addons.mozilla.org/user-media/previews/full/267/267634.png?modified=1647977329","width":1280,"height":800,"thumbnailURL":"https://addons.mozilla.org/user-media/previews/thumbs/267/267634.jpg?modified=1647977329","thumbnailWidth":533,"thumbnailHeight":333},{"url":"https://addons.mozilla.org/user-media/previews/full/267/267631.png?modified=1647977329","width":1280,"height":800,"thumbnailURL":"https://addons.mozilla.org/user-media/previews/thumbs/267/267631.jpg?modified=1647977329","thumbnailWidth":533,"thumbnailHeight":333},{"url":"https://addons.mozilla.org/user-media/previews/full/267/267632.png?modified=1647977329","width":1280,"height":800,"thumbnailURL":"https://addons.mozilla.org/user-media/previews/thumbs/267/267632.jpg?modified=1647977329","thumbnailWidth":533,"thumbnailHeight":333},{"url":"https://addons.mozilla.org/user-media/previews/full/267/267633.png?modified=1647977329","width":1280,"height":800,"thumbnailURL":"https://addons.mozilla.org/user-media/previews/thumbs/267/267633.jpg?modified=1647977329","thumbnailWidth":533,"thumbnailHeight":333}],"contributionURL":"","averageRating":4.5564,"reviewCount":1151,"reviewURL":"https://addons.mozilla.org/en-US/firefox/addon/windscribe/reviews/","updateDate":1675368606000},{"id":"browser@tunnelbear.com","icons":{"32":"https://addons.mozilla.org/user-media/addon_icons/993/993499-32.png?modified=55d757aa","64":"https://addons.mozilla.org/user-media/addon_icons/993/993499-64.png?modified=55d757aa","128":"https://addons.mozilla.org/user-media/addon_icons/993/993499-128.png?modified=55d757aa"},"name":"TunnelBear VPN","version":"3.4.3","sourceURI":"https://addons.mozilla.org/firefox/downloads/file/4055165/tunnelbear_vpn_firefox-3.4.3.xpi","homepageURL":"https://tunnelbear.com","supportURL":"https://help.tunnelbear.com/","description":"Rawwwr! Put a Bear in your browser and privately access a more open internet in seconds!","fullDescription":"Join over 20 million TunnelBear users who worry less about browsing on public WiFi, online tracking or blocked websites. TunnelBear for Firefox is an incredibly simple extension that can help you:\n\n✔ Reduce the ability for websites, advertisers and ISPs to track your browsing\n✔ Secure your browser on public WiFi\n✔ Get around blocked websites\n✔ Connect to a lightning fast private network with connections to 20 countries\n\nTunnelBear for Firefox is a lightweight extension that encrypts all of your browsing traffic. To encrypt all your device’s traffic, try our apps for Android, iOS, macOS and Windows.\nhttps://www.tunnelbear.com/download\n\nTunnelBear is backed by the first independent VPN security audit in the industry.\nhttps://www.tunnelbear.com/blog/tunnelbear_public_security_audit/\n\nPut a Bear in your browser today!\n\nAbout TunnelBear\nWe think the Internet is a much better place when everyone can browse privately, and browse the same Internet as everyone else. Our award winning applications have appeared on Lifehacker, Macworld, TNW, HuffPost, CNN and The New York Times for making it easy for non-techies to avoid censorship and browse the internet privately. Founded in 2011 and headquartered in Toronto, Canada, TunnelBear is available everywhere.\n\nFollow TunnelBear\nhttps://www.twitter.com/thetunnelbear\nhttps://www.facebook.com/tunnelbear","weeklyDownloads":1381,"type":"extension","creator":{"name":"TunnelBear, LLC","url":"https://addons.mozilla.org/en-US/firefox/user/13475603/"},"developers":[],"screenshots":[{"url":"https://addons.mozilla.org/user-media/previews/full/207/207193.png?modified=1622133643","width":1280,"height":800,"thumbnailURL":"https://addons.mozilla.org/user-media/previews/thumbs/207/207193.jpg?modified=1622133643","thumbnailWidth":533,"thumbnailHeight":333},{"url":"https://addons.mozilla.org/user-media/previews/full/207/207192.png?modified=1622133648","width":1280,"height":800,"thumbnailURL":"https://addons.mozilla.org/user-media/previews/thumbs/207/207192.jpg?modified=1622133648","thumbnailWidth":533,"thumbnailHeight":333},{"url":"https://addons.mozilla.org/user-media/previews/full/207/207194.png?modified=1622133652","width":1280,"height":800,"thumbnailURL":"https://addons.mozilla.org/user-media/previews/thumbs/207/207194.jpg?modified=1622133652","thumbnailWidth":533,"thumbnailHeight":333},{"url":"https://addons.mozilla.org/user-media/previews/full/207/207195.png?modified=1622133655","width":1280,"height":800,"thumbnailURL":"https://addons.mozilla.org/user-media/previews/thumbs/207/207195.jpg?modified=1622133655","thumbnailWidth":533,"thumbnailHeight":333},{"url":"https://addons.mozilla.org/user-media/previews/full/207/207196.png?modified=1622133659","width":1280,"height":800,"thumbnailURL":"https://addons.mozilla.org/user-media/previews/thumbs/207/207196.jpg?modified=1622133659","thumbnailWidth":533,"thumbnailHeight":333}],"contributionURL":"","averageRating":3.6681,"reviewCount":95,"reviewURL":"https://addons.mozilla.org/en-US/firefox/addon/tunnelbear-vpn-firefox/reviews/","updateDate":1673612722000},{"id":"{2939349f-b516-4674-afa4-4dc8311a75ef}","icons":{"32":"https://addons.mozilla.org/user-media/addon_icons/2654/2654828-32.png?modified=e0009736","64":"https://addons.mozilla.org/user-media/addon_icons/2654/2654828-64.png?modified=e0009736","128":"https://addons.mozilla.org/user-media/addon_icons/2654/2654828-128.png?modified=e0009736"},"name":"http tracker","version":"2.2.6","sourceURI":"https://addons.mozilla.org/firefox/downloads/file/3920842/http_tracker-2.2.6.xpi","homepageURL":null,"supportURL":null,"description":"Monitoring the browser network for all tabs and pages in a single page. Track network traffic / http traffic sent from each tab, or page and the response headers for each request. Filter requests to capture, filter requests to view","fullDescription":"Monitoring the browser network for all tabs and pages in a single page. Track network traffic sent from each tab, or page and the response headers for each request. Filter requests to capture, filter requests to view, clear all captured data, compare with previous/different requests, single page to see all the traffic in a centralized place instead of each tab\n\nFeatures:\n\n    Single instance add-on - Always loads a single instance popup window which gets activated on further clicks\n    Non blocking (async) monitoring of the browser traffic, there by not introducing additional delay to the actual\n    request-response pairing\n    Capture only required url's containing particular pattern(s)\n    Exclude all unwanted url's containing particular patterns(s)\n    Mask data in form fields containing particular patterns(s)\n    Filter urls to display and analyze\n    Find text in details with highlighting text\n    Delete complete captured data\n    Delete single url which was captured\n    Delete all the filtered data\n    Compare request and responses between sessions and incognito (need access to incognito)\n    Capture form data only if needed\n    Use preferences page to store settings in the browser storage to avoid repeated entry of patterns\n    High security\n    High performance\n    Tool tips on the page to give an understanding of the page elements\n    Pause and resume the tracker\n\n\nSecurity\n\n    Mask form fields data like usernames, passwords, etc providing high security\n    Information about your browsing is never transmitted or disclosed to either the add-on developers or any other party\n\n\nPerformance\n\n    Works async - Near to zero delay to the actual http request\n    Filter results in < 100 ms when the captured results are more than 10K\n\n\nAccessibility\n\n    Easy access to the add-on : use command/Control + Shift + 1 any time to open the add-on window\n    Single instance window\n\n\nOther links\n\n    Link to chrome add-on : https://chrome.google.com/webstore/detail/http-tracker/fklakbbaaknbgcedidhblbnhclijnhbi\n\n\nReviews / Ratings\n\n    Please like and rate the add-on - A lot of effort has been put in developing this add-on","weeklyDownloads":58,"type":"extension","creator":{"name":"Venu Madhav","url":"https://addons.mozilla.org/en-US/firefox/user/9785726/"},"developers":[],"screenshots":[{"url":"https://addons.mozilla.org/user-media/previews/full/243/243415.png?modified=1622136159","width":2400,"height":1192,"thumbnailURL":"https://addons.mozilla.org/user-media/previews/thumbs/243/243415.jpg?modified=1622136159","thumbnailWidth":533,"thumbnailHeight":265,"caption":"1-First screen - capture only included pattern, highlight delete selected button, disable other buttons, display selected url d etails"},{"url":"https://addons.mozilla.org/user-media/previews/full/243/243416.png?modified=1622136163","width":2400,"height":466,"thumbnailURL":"https://addons.mozilla.org/user-media/previews/thumbs/243/243416.jpg?modified=1622136163","thumbnailWidth":533,"thumbnailHeight":104,"caption":"2-Filter the urls to display, activate clear filter and delete filtered urls buttons and display the selected url details"},{"url":"https://addons.mozilla.org/user-media/previews/full/244/244137.png?modified=1622136175","width":2400,"height":1435,"thumbnailURL":"https://addons.mozilla.org/user-media/previews/thumbs/244/244137.jpg?modified=1622136175","thumbnailWidth":533,"thumbnailHeight":319,"caption":"3- unoptimized response cookie details - not sorted"},{"url":"https://addons.mozilla.org/user-media/previews/full/244/244138.png?modified=1622136187","width":2400,"height":1435,"thumbnailURL":"https://addons.mozilla.org/user-media/previews/thumbs/244/244138.jpg?modified=1622136187","thumbnailWidth":533,"thumbnailHeight":319,"caption":"3- optimized response cookie details - sorted"},{"url":"https://addons.mozilla.org/user-media/previews/full/244/244397.png?modified=1622136196","width":2400,"height":1132,"thumbnailURL":"https://addons.mozilla.org/user-media/previews/thumbs/244/244397.jpg?modified=1622136196","thumbnailWidth":533,"thumbnailHeight":252,"caption":"4-Masking form fields"}],"contributionURL":"","averageRating":4.875,"reviewCount":5,"reviewURL":"https://addons.mozilla.org/en-US/firefox/addon/http-tracker/reviews/","updateDate":1647041833000},{"id":"linkgopher@oooninja.com","icons":{"32":"https://addons.mozilla.org/user-media/addon_icons/7/7312-32.png?modified=1510809621","64":"https://addons.mozilla.org/user-media/addon_icons/7/7312-64.png?modified=1510809621","128":"https://addons.mozilla.org/user-media/addon_icons/7/7312-128.png?modified=1510809621"},"name":"Link Gopher","version":"2.4.4","sourceURI":"https://addons.mozilla.org/firefox/downloads/file/3834730/link_gopher-2.4.4.xpi","homepageURL":"http://sites.google.com/site/linkgopher/","supportURL":"http://sites.google.com/site/linkgopher/","description":"Extracts all links from web page, sorts them, removes duplicates, and displays them in a new tab for inspection or copy and paste into other systems.","fullDescription":"Extracts all links from web page, sorts them, removes duplicates, and displays them in a new tab for copy and paste into other systems. Also extracts embedded, referrer-type links in the format http://www.example.com/go?url=http://www.example.com/foo . Also displays a distilled list of unique domain names used in the links.\n\nNot working with Firefox Quantum (version 57) or later? Use Link Gopher 2.0beta1 or later.\n\nFor instructions see https://sites.google.com/site/linkgopher/ (not updated for Link Gopher 2.0)\n\nDonate to support new features.","weeklyDownloads":446,"type":"extension","creator":{"name":"Andrew Ziem","url":"https://addons.mozilla.org/en-US/firefox/user/933279/"},"developers":[],"screenshots":[],"contributionURL":"","averageRating":4.6231,"reviewCount":46,"reviewURL":"https://addons.mozilla.org/en-US/firefox/addon/link-gopher/reviews/","updateDate":1630914866000},{"id":"{6c4f729b-857f-4c2b-81a6-572377f49e27}","icons":{"32":"https://addons.mozilla.org/user-media/addon_icons/2730/2730022-32.png?modified=835608f8","64":"https://addons.mozilla.org/user-media/addon_icons/2730/2730022-64.png?modified=835608f8","128":"https://addons.mozilla.org/user-media/addon_icons/2730/2730022-128.png?modified=835608f8"},"name":"DeploySentinel Recorder","version":"0.6.1","sourceURI":"https://addons.mozilla.org/firefox/downloads/file/3924381/deploysentinel_recorder-0.6.1.xpi","homepageURL":"https://deploysentinel.com/recorder","supportURL":"https://deploysentinel.com/recorder","description":"Record browser interactions to auto generate Cypress, Playwright and Puppeteer test scripts.","fullDescription":"Simply step through your website while recording with DeploySentinel Recorder and the add-on will convert the captured user flow into a Cypress, Playwright or Puppeteer script.\n\n✨ Features\n\n- 💻 Automatically capture clicks, keyboard inputs, window resizes, and scroll events.\n- 🤖 Generate clean and commented scripts for both Cypress, Playwright and Puppeteer.\n- 📋 Preview recording progress and copy generated scripts mid-test to clipboard.\n- 📛 Generate element selectors using `id` and `class` as well as other HTML properties (ex. `aria-label`, `alt`, `name`, `data-testid`)\n- 🖱 Capture hover events via context menu option (right-click)\n- ✅ Assert/wait for specific text to be visible on the page\n- 📸 Generate full page screenshot events\n\n✨ Getting Started\n\n1. Visit the site you want to start recording from\n2. Click the add-on icon and click \"Start Recording from Current Tab\"\n3. Use the site as you would normally (click links, fill forms, etc.) Right-click an element and select \"Record hover over element\" to record a hover event over an element.\n4. Click \"End Test\" whenever you are done. You can copy the generated script via the recording overlay.\n5. Click the add-on icon and select \"View Last Recording\" to access the last recorded test any time afterwards.\n\nPro tip: To view captured steps or generated code mid-recording, click \"Show More\" in the recording overlay.\n\nHave feedback or want to contribute improvements? View this add-on on Github: https://github.com/DeploySentinel/Recorder","weeklyDownloads":13,"type":"extension","creator":{"name":"DeploySentinel","url":"https://addons.mozilla.org/en-US/firefox/user/17141009/"},"developers":[],"screenshots":[{"url":"https://addons.mozilla.org/user-media/previews/full/263/263745.png?modified=1637565534","width":1280,"height":800,"thumbnailURL":"https://addons.mozilla.org/user-media/previews/thumbs/263/263745.jpg?modified=1637565534","thumbnailWidth":533,"thumbnailHeight":333,"caption":"Effortlessly Create Playwright & Puppeteer Tests in 3 Easy Steps"},{"url":"https://addons.mozilla.org/user-media/previews/full/263/263746.png?modified=1637565533","width":1280,"height":800,"thumbnailURL":"https://addons.mozilla.org/user-media/previews/thumbs/263/263746.jpg?modified=1637565533","thumbnailWidth":533,"thumbnailHeight":333,"caption":"Automatic CSS Selectors & Live Recording Preview"},{"url":"https://addons.mozilla.org/user-media/previews/full/263/263747.png?modified=1637565533","width":1280,"height":800,"thumbnailURL":"https://addons.mozilla.org/user-media/previews/thumbs/263/263747.jpg?modified=1637565533","thumbnailWidth":533,"thumbnailHeight":333,"caption":"Supports a Wide Variety of Workflows Compared to Alternatives"}],"contributionURL":"","averageRating":5,"reviewCount":0,"reviewURL":"https://addons.mozilla.org/en-US/firefox/addon/deploysentinel-recorder/reviews/","updateDate":1647673604000},{"id":"foxyproxy@eric.h.jung","icons":{"32":"https://addons.mozilla.org/user-media/addon_icons/2/2464-32.png?modified=mcrushed","64":"https://addons.mozilla.org/user-media/addon_icons/2/2464-64.png?modified=mcrushed","128":"https://addons.mozilla.org/user-media/addon_icons/2/2464-128.png?modified=mcrushed"},"name":"FoxyProxy Standard","version":"7.5.1","sourceURI":"https://addons.mozilla.org/firefox/downloads/file/3616824/foxyproxy_standard-7.5.1.xpi","homepageURL":"https://getfoxyproxy.org","supportURL":"https://getfoxyproxy.org/","description":"FoxyProxy is an advanced proxy management tool that completely replaces Firefox's limited proxying capabilities. For a simpler tool and less advanced configuration options, please use FoxyProxy Basic.","fullDescription":"Broken after updating to Firefox 71?\nPlease remove FoxyProxy, restart Firefox, and re-install. There is some upgrade bug with Firefox 71.\n\nWHAT IS IT?\nFoxyProxy is a Firefox extension which automatically switches an internet connection across one or more proxy servers based on URL patterns. Put simply, FoxyProxy automates the manual process of editing Firefox's Connection Settings dialog. Proxy server switching occurs based on the loading URL and the switching rules you define.\n\n* Custom colors make it easy to see which proxy is in use\n* Advanced logging shows you which proxies were used and when\n* (optional) Automatically synchronize all of your proxy settings with your other Firefox instances when you use Firefox Sync. Import/Export settings to files when not using Firefox Sync.\n* Import/Export patterns to share with others.\n\nUPGRADING\nPlease import your old FoxyProxy settings using the Import button.\n\nOlder Firefox Versions\nhttps://addons.mozilla.org/en-US/firefox/addon/foxyproxy-standard/versions/\nFor pre-Firefox 57 (Quantum), install FoxyProxy 4.6.5. from here:\nhttps://github.com/foxyproxy/firefox-extension/blob/master/archive/dist/foxyproxy-standard/4.6.5/foxyproxy_standard-4.6.5-fx%2Bsm%2Btb-2017-01-27.xpi\nNote: 4.6.5 is not maintained.\n\nPERMISSIONS\nThe \"Download files\" permission is used to export FoxyProxy settings to a file (so you can import it elsewhere). The \"Download history\" permission is required only because Firefox does not allow add-ons to specify just \"download files\" without \"download history\". It's all or nothing. Internally, nothing is done with your download history. This is open source software and you can view the code yourself by unzipping the downloaded then using a text viewer, or by visiting https://github.com/foxyproxy/firefox-extension\n\n\"Clear recent browsing history, cookies, and related data\": this is used by the big eraser button since version 6.3. You can delete cookies, cache, etc with one-click. A future version will allow you to clear the data automatically when switching proxies, just like the old FoxyProxy (pre-Firefox Quantum / Firefox 57).\n\nANDROID\nAs of 2020, FoxyProxy works on Firefox for Android!\n\n    Switch proxies with URL pattern matching\n    Custom colors make it easy to see which proxy is in use\n    Advanced logging shows you which proxies were used and when\n    (optional) Automatically synchronize all of your proxy settings with your other Firefox instances when you use Firefox Sync. Import/Export settings to files when not using Firefox Sync\n    Import/Export patterns to share with others.","weeklyDownloads":22178,"type":"extension","creator":{"name":"Eric H. Jung","url":"https://addons.mozilla.org/en-US/firefox/user/323/"},"developers":[],"screenshots":[{"url":"https://addons.mozilla.org/user-media/previews/full/5/5857.png?modified=1622132275","width":122,"height":150,"thumbnailURL":"https://addons.mozilla.org/user-media/previews/thumbs/5/5857.jpg?modified=1622132275","thumbnailWidth":122,"thumbnailHeight":150},{"url":"https://addons.mozilla.org/user-media/previews/full/11/11313.png?modified=1622132275","width":700,"height":458,"thumbnailURL":"https://addons.mozilla.org/user-media/previews/thumbs/11/11313.jpg?modified=1622132275","thumbnailWidth":533,"thumbnailHeight":349,"caption":"Proxies Tab"},{"url":"https://addons.mozilla.org/user-media/previews/full/20/20059.png?modified=1622132275","width":700,"height":458,"thumbnailURL":"https://addons.mozilla.org/user-media/previews/thumbs/20/20059.jpg?modified=1622132275","thumbnailWidth":533,"thumbnailHeight":349,"caption":"Global Settings"},{"url":"https://addons.mozilla.org/user-media/previews/full/20/20060.png?modified=1622132275","width":700,"height":458,"thumbnailURL":"https://addons.mozilla.org/user-media/previews/thumbs/20/20060.jpg?modified=1622132275","thumbnailWidth":533,"thumbnailHeight":349,"caption":"QuickAdd Settings"},{"url":"https://addons.mozilla.org/user-media/previews/full/20/20061.png?modified=1622132276","width":700,"height":465,"thumbnailURL":"https://addons.mozilla.org/user-media/previews/thumbs/20/20061.jpg?modified=1622132276","thumbnailWidth":533,"thumbnailHeight":354,"caption":"AutoAdd Settings"},{"url":"https://addons.mozilla.org/user-media/previews/full/20/20062.png?modified=1622132276","width":700,"height":458,"thumbnailURL":"https://addons.mozilla.org/user-media/previews/thumbs/20/20062.jpg?modified=1622132276","thumbnailWidth":533,"thumbnailHeight":349,"caption":"Logging"},{"url":"https://addons.mozilla.org/user-media/previews/full/20/20063.png?modified=1622132276","width":641,"height":474,"thumbnailURL":"https://addons.mozilla.org/user-media/previews/thumbs/20/20063.jpg?modified=1622132276","thumbnailWidth":533,"thumbnailHeight":394,"caption":"Proxy Settings - General Info"},{"url":"https://addons.mozilla.org/user-media/previews/full/20/20064.png?modified=1622132276","width":700,"height":392,"thumbnailURL":"https://addons.mozilla.org/user-media/previews/thumbs/20/20064.jpg?modified=1622132276","thumbnailWidth":533,"thumbnailHeight":298,"caption":"Proxy Settings - Details"},{"url":"https://addons.mozilla.org/user-media/previews/full/20/20065.png?modified=1622132276","width":700,"height":390,"thumbnailURL":"https://addons.mozilla.org/user-media/previews/thumbs/20/20065.jpg?modified=1622132276","thumbnailWidth":533,"thumbnailHeight":297,"caption":"Proxy Settings - URL Patterns"},{"url":"https://addons.mozilla.org/user-media/previews/full/20/20066.png?modified=1622132276","width":503,"height":312,"thumbnailURL":"https://addons.mozilla.org/user-media/previews/thumbs/20/20066.jpg?modified=1622132276","thumbnailWidth":503,"thumbnailHeight":312,"caption":"Add/Edit Pattern"},{"url":"https://addons.mozilla.org/user-media/previews/full/20/20067.png?modified=1622132276","width":700,"height":268,"thumbnailURL":"https://addons.mozilla.org/user-media/previews/thumbs/20/20067.jpg?modified=1622132276","thumbnailWidth":533,"thumbnailHeight":204,"caption":"QuickAdd Prompt"},{"url":"https://addons.mozilla.org/user-media/previews/full/20/20068.png?modified=1622132276","width":418,"height":297,"thumbnailURL":"https://addons.mozilla.org/user-media/previews/thumbs/20/20068.jpg?modified=1622132276","thumbnailWidth":418,"thumbnailHeight":297,"caption":"About Dialog"},{"url":"https://addons.mozilla.org/user-media/previews/full/36/36178.png?modified=1622132277","width":566,"height":333,"thumbnailURL":"https://addons.mozilla.org/user-media/previews/thumbs/36/36178.jpg?modified=1622132277","thumbnailWidth":533,"thumbnailHeight":314,"caption":"Toolbar icon with drop-down menu"},{"url":"https://addons.mozilla.org/user-media/previews/full/48/48944.png?modified=1622132277","width":552,"height":400,"thumbnailURL":"https://addons.mozilla.org/user-media/previews/thumbs/48/48944.jpg?modified=1622132277","thumbnailWidth":533,"thumbnailHeight":386,"caption":"Wildcard Reference: help on how to use wildcards"},{"url":"https://addons.mozilla.org/user-media/previews/full/48/48945.png?modified=1622132277","width":700,"height":350,"thumbnailURL":"https://addons.mozilla.org/user-media/previews/thumbs/48/48945.jpg?modified=1622132277","thumbnailWidth":533,"thumbnailHeight":266,"caption":"Pattern Template Reference: help on how to use pattern templates for QuickAdd and AutoAdd"}],"contributionURL":"https://paypal.me/ericjung2/9.99?utm_content=product-page-contribute&utm_medium=referral&utm_source=addons.mozilla.org","averageRating":4.2125,"reviewCount":230,"reviewURL":"https://addons.mozilla.org/en-US/firefox/addon/foxyproxy-standard/reviews/","updateDate":1596097741000}]}