{"version":3,"url_overrides":{},"prefs":{"websites.hyperlinkAuditingEnabled":{"initialValue":{},"precedenceList":[{"id":"@windscribeff","installDate":1683922692616,"value":false,"enabled":true},{"id":"uBlock0@raymondhill.net","installDate":1683922688983,"value":false,"enabled":true}]},"network.networkPredictionEnabled":{"initialValue":{},"precedenceList":[{"id":"browser@tunnelbear.com","installDate":1683922693841,"value":true,"enabled":true},{"id":"@windscribeff","installDate":1683922692616,"value":false,"enabled":true},{"id":"uBlock0@raymondhill.net","installDate":1683922688983,"value":false,"enabled":true}]},"privacy.containers":{"initialValue":{"privacy.userContext.enabled":true},"precedenceList":[{"id":"@testpilot-containers","installDate":1683922690006,"value":"@testpilot-containers","enabled":true}]},"network.webRTCIPHandlingPolicy":{"initialValue":{},"precedenceList":[{"id":"browser@tunnelbear.com","installDate":1683922693841,"value":"default","enabled":true}]}},"commands":{}}